Class::Test,SingularValueDecompositionImpl:129, SingularValueDecompositionImpl:142, SingularValueDecompositionImpl:146, SingularValueDecompositionImpl:156, SingularValueDecompositionImpl:159, SingularValueDecompositionImpl:166, SingularValueDecompositionImpl:171, SingularValueDecompositionImpl:174, SingularValueDecompositionImpl:178, SingularValueDecompositionImpl:184, SingularValueDecompositionImpl:207, SingularValueDecompositionImpl:220, SingularValueDecompositionImpl:239, SingularValueDecompositionImpl:242, SingularValueDecompositionImpl:255, SingularValueDecompositionImpl:259, SingularValueDecompositionImpl:262, SingularValueDecompositionImpl:266, SingularValueDecompositionImpl:271, SingularValueDecompositionImpl:289, SingularValueDecompositionImpl:304, SingularValueDecompositionImpl:308, SingularValueDecompositionImpl:346, SingularValueDecompositionImpl:347, SingularValueDecompositionImpl:358, SingularValueDecompositionImpl:380, SingularValueDecompositionImpl:383, 
SingularValueSolverTest::testSolveDimensionErrors, 1,0.5,1,0.5,0.5,1,1,1,1,0.5,0.5,0,0.5,0.5,0,0,0,0,0,0,0,0,0.5,0.5,0.5,1,1,
SingularValueSolverTest::testLeastSquareSolve, 1,0.5,1,0.5,0.5,1,0.5,1,0,1,0.5,0,0.5,0.5,0,0,0,0,0,0,0,0,0.5,0.5,0.5,1,1,
SingularValueSolverTest::testSolve, 1,0.5,1,0.5,0.5,1,1,1,1,0.5,0.5,0,0.5,0.5,0,0,0,0,0,0,0,0,0.5,0.5,0.5,1,1,
SingularValueSolverTest::testConditionNumber, 1,0.5,1,0,0,0,0,0,0,0,0,0,0,0,0,0,0,0,0,0,0,0,0,0,0,0,0,
SingularValueSolverTest::testTruncated, 1,0.5,1,0.5,0.5,1,0.5,1,0,1,0,0.5,0.5,0.5,0,0,0,0,0,0.5,0,0,0,0,0,0,0,
SingularValueSolverTest::testMath320A, 1,0.5,1,1,0.5,1,0.5,1,0,1,0.5,0.5,1,0.5,0,0,0,0,0,0.5,0,0,0.5,0.5,0.5,1,1,
SingularValueSolverTest::testMath320B, 1,0.5,1,0.5,0.5,1,0.5,1,0,1,0,0.5,0.5,0.5,0,0,0,0,0,0.5,0,0,0,0,0,0,0,
SingularValueDecompositionImplTest::testMoreRows, 1,0.5,1,0,0,0,0,0,0,0,0,0,0,0,0,0,0,0,0,0,0,0,0,0,0,0,0,
SingularValueDecompositionImplTest::testMoreColumns, 1,0.5,1,0,0,0,0,0,0,0,0,0,0,0,0,0,0,0,0,0,0,0,0,0,0,0,0,
SingularValueDecompositionImplTest::testDimensions, 1,0.5,1,1,0.5,1,1,1,1,0.5,0,1,1,0.5,0,0,0,0,0,0,0,0,0,0,0,0,0,
SingularValueDecompositionImplTest::testHadamard, 1,0.5,1,0,0,0,0,0,0,0,0,0,0.5,0.5,0,0,0,0,0,1,1,0.5,0,0,0,0,0,
SingularValueDecompositionImplTest::testAEqualUSVt, 1,0.5,1,0.5,1,1,1,1,1,1,0,0.5,0.5,1,1,1,1,1,1,0,0,0,0,0,0,0,0,
SingularValueDecompositionImplTest::testUOrthogonal, 1,0.5,1,0.5,1,1,1,1,1,1,0,0,0,0,0,0,0,0,0,0,0,0,0,0,0,0,0,
SingularValueDecompositionImplTest::testVOrthogonal, 1,0.5,1,0,0,0,0,0,0,0,0,0,0.5,1,1,1,1,1,1,0,0,0,0,0,0,0,0,
SingularValueDecompositionImplTest::testMatricesValues1, 1,0.5,1,1,0.5,1,1,1,1,0.5,0,1,1,0.5,0,0,0,0,0,0,0,0,0,0,0,0,0,
SingularValueDecompositionImplTest::testMatricesValues2, 1,0.5,1,1,0.5,1,1,1,1,1,0,1,1,0.5,0,0,0,0,0,0,0,0,0,0,0,0,0,
SingularValueDecompositionImplTest::testConditionNumber, 1,0.5,1,0,0,0,0,0,0,0,0,0,0,0,0,0,0,0,0,0,0,0,0,0,0,0,0,
SingularValueDecompositionImpl_ESTest::test00, 1,0.5,0.5,0,0,0,0,0,0,0,0,0,0,0,0,0,0,0,0,0,0,0,0,0,0,0,0,
SingularValueDecompositionImpl_ESTest::test01, 1,0.5,0.5,0,0,0,0,0,0,0,0,0,0,0,0,0,0,0,0,0,0,0,0,0,0,0,0,
SingularValueDecompositionImpl_ESTest::test02, 0.5,0.5,1,0,0,0,0,0,0,0,0,0,0,0,0,0,0,0,0,0,0,0,0,0,0,0,0,
SingularValueDecompositionImpl_ESTest::test03, 1,0.5,1,1,0.5,1,0.5,1,0,1,0.5,0,0.5,0.5,0,0,0,0,0,0,0,0,0.5,0.5,0.5,1,1,
SingularValueDecompositionImpl_ESTest::test04, 1,0.5,1,0.5,0.5,0,0,0,0,0,0.5,0,0.5,0.5,1,0.5,1,0,1,0,0,0,0.5,0.5,0.5,1,1,
SingularValueDecompositionImpl_ESTest::test05, 0.5,0.5,1,0.5,0.5,1,0.5,0,1,0.5,0.5,0,0.5,0.5,0,0,0,0,0,0,0,0,0.5,0.5,0.5,1,1,
SingularValueDecompositionImpl_ESTest::test06, 1,0.5,1,0.5,0.5,1,0.5,1,0,1,1,0,1,0.5,0,0,0,0,0,0,0,0,0.5,0.5,0.5,1,1,
SingularValueDecompositionImpl_ESTest::test07, 1,0.5,1,0,0,0,0,0,0,0,0,1,0,0,0,0,0,0,0,0,0,0,0,0,0,0,0,
SingularValueDecompositionImpl_ESTest::test08, 0.5,0.5,1,0.5,0.5,0,0,0,0,0,0.5,0,0.5,0.5,1,0.5,0,1,1,0,0,0,0.5,0.5,0.5,1,1,
SingularValueDecompositionImpl_ESTest::test09, 0.5,0.5,1,0,0,0,0,0,0,0,0,0,0.5,0.5,0,0,0,0,0,1,0.5,0.5,0,0,0,0,0,
SingularValueDecompositionImpl_ESTest::test10, 0.5,0.5,1,0,0,0,0,0,0,0,0,0,0,0,0,0,0,0,0,0,0.5,0.5,0,0,0,0,0,
SingularValueDecompositionImpl_ESTest::test11, 0.5,0.5,1,0.5,0.5,1,0.5,0,1,0.5,0.5,0,0.5,0.5,0,0,0,0,0,0,0,0,1,0.5,0.5,1,1,
RegressionTest0::test01, 1,0.5,0.5,0.5,0.5,0,0,0,0,0,0.5,0,0,0,0,0,0,0,0,0,0,0,0,0,0,0,0,
RegressionTest0::test02, 1,0.5,0.5,0,0,0,0,0,0,0,0,0.5,0,0,0,0,0,0,0,0,0,0,0,0,0,0,0,
RegressionTest0::test03, 1,0.5,0.5,0,0,0,0,0,0,0,0,0,0.5,0.5,0,0,0,0,0,0,0,0,0,0,0,0,0,
RegressionTest0::test04, 1,0.5,0.5,0,0,0,0,0,0,0,0,0,0,0,0,0,0,0,0,0,0,0,0,0,0,0,0,
RegressionTest0::test05, 1,0.5,0.5,0,0,0,0,0,0,0,0,0,0,0,0,0,0,0,0,0,0,0,0,0,0,0,0,
RegressionTest0::test06, 1,0.5,0.5,0.5,0.5,0,0,0,0,0,0.5,0,0,0,0,0,0,0,0,0,0,0,0,0,0,0,0,
RegressionTest0::test07, 1,0.5,0.5,0.5,0.5,0,0,0,0,0,0.5,0,0,0,0,0,0,0,0,0,0,0,0,0,0,0,0,
RegressionTest0::test08, 1,0.5,0.5,0.5,0.5,0,0,0,0,0,0,0,0,0,0,0,0,0,0,0,0,0,0,0,0,0,0,
RegressionTest0::test09, 1,0.5,0.5,0,0,0,0,0,0,0,0,0,0,0,0,0,0,0,0,0,0,0,0,0,0,0,0,
RegressionTest0::test10, 1,0.5,0.5,0.5,0.5,0,0,0,0,0,0.5,0,0,0,0,0,0,0,0,0,0,0,0,0,0,0,0,
RegressionTest0::test11, 1,0.5,0.5,0,0,0,0,0,0,0,0,0,0.5,0.5,0,0,0,0,0,0,0,0,0,0,0,0,0,
RegressionTest0::test12, 1,0.5,0.5,0,0,0,0,0,0,0,0,0,0,0,0,0,0,0,0,0,0,0,0,0,0,0,0,
RegressionTest0::test13, 1,0.5,0.5,0,0,0,0,0,0,0,0,0,0,0,0,0,0,0,0,0,0.5,0.5,0,0,0,0,0,
RegressionTest0::test14, 1,0.5,1,0,0,0,0,0,0,0,0,0,0,0,0,0,0,0,0,0,0,0,0,0,0,0,0,
RegressionTest0::test15, 1,0.5,0.5,0,0,0,0,0,0,0,0,0,0.5,0.5,0,0,0,0,0,0.5,0,0,0,0,0,0,0,
RegressionTest0::test16, 1,0.5,1,0.5,0.5,1,0.5,1,0,1,0.5,0.5,0.5,0.5,0,0,0,0,0,0,0,0,0.5,0.5,0,0,0,
RegressionTest0::test17, 1,0.5,1,0.5,0.5,1,0.5,1,0,1,0.5,0,0.5,0.5,0,0,0,0,0,0,0,0,0.5,0.5,0.5,1,1,
RegressionTest0::test18, 1,0.5,1,0,0,0,0,0,0,0,0,0,0,0,0,0,0,0,0,0,0,0,0,0,0,0,0,
RegressionTest0::test19, 1,0.5,0.5,0,0,0,0,0,0,0,0,0,0,0,0,0,0,0,0,0,0,0,0,0,0,0,0,
RegressionTest0::test20, 1,0.5,1,0.5,0.5,1,0.5,1,0,1,0.5,0.5,0.5,0.5,0,0,0,0,0,0,0,0,0,0,0,0,0,
RegressionTest0::test21, 1,0.5,1,0,0,0,0,0,0,0,0,0.5,0.5,0.5,0,0,0,0,0,0,0,0,0,0,0,0,0,
RegressionTest0::test22, 1,0.5,1,0,0,0,0,0,0,0,0,0.5,1,0.5,0,0,0,0,0,0.5,0,0,0,0,0,0,0,
RegressionTest0::test23, 1,0.5,0.5,0,0,0,0,0,0,0,0,0,0,0,0,0,0,0,0,0,0,0,0,0,0,0,0,
RegressionTest0::test24, 1,0.5,0.5,0,0,0,0,0,0,0,0,0.5,0,0,0,0,0,0,0,0,0,0,0,0,0,0,0,
RegressionTest0::test25, 1,0.5,0.5,0,0,0,0,0,0,0,0,0,0,0,0,0,0,0,0,0,0,0,0,0,0,0,0,
RegressionTest0::test26, 1,0.5,1,0,0,0,0,0,0,0,0,0,0.5,0.5,0,0,0,0,0,0.5,0.5,0.5,0,0,0,0,0,
RegressionTest0::test27, 1,0.5,1,0.5,0.5,1,0.5,1,0,1,0.5,0,0.5,0.5,0,0,0,0,0,0,0,0,0.5,0.5,0.5,1,1,
RegressionTest0::test28, 1,0.5,1,0,0,0,0,0,0,0,0,0,0.5,0.5,0,0,0,0,0,0.5,0,0,0,0,0,0,0,
RegressionTest0::test29, 1,0.5,0.5,0,0,0,0,0,0,0,0,0.5,0,0,0,0,0,0,0,0,0,0,0,0,0,0,0,
RegressionTest0::test30, 1,0.5,1,0.5,0.5,1,0.5,1,0,1,0.5,0.5,1,0.5,0,0,0,0,0,0.5,0.5,0.5,0.5,0.5,0.5,1,1,
RegressionTest0::test31, 1,0.5,1,0.5,0.5,1,0.5,1,0,1,1,0.5,0,0,0,0,0,0,0,0,0,0,0,0,0,0,0,
RegressionTest0::test32, 1,0.5,0.5,0,0,0,0,0,0,0,0,0,0,0,0,0,0,0,0,0,0.5,0.5,0,0,0,0,0,
RegressionTest0::test33, 1,0.5,1,0,0,0,0,0,0,0,0,0,0.5,0.5,0,0,0,0,0,1,0.5,0.5,0,0,0,0,0,
RegressionTest0::test34, 1,0.5,1,0.5,0.5,1,0.5,1,0,1,0.5,0,1,0.5,0,0,0,0,0,0.5,0,0,0.5,0.5,0.5,1,1,
RegressionTest0::test35, 1,0.5,1,0,0,0,0,0,0,0,0,0,0,0,0,0,0,0,0,0,0,0,0,0,0,0,0,
RegressionTest0::test36, 1,0.5,1,0,0,0,0,0,0,0,0,0,0.5,0.5,0,0,0,0,0,1,0.5,0.5,0,0,0,0,0,
RegressionTest0::test37, 1,0.5,1,0,0,0,0,0,0,0,0,0,0,0,0,0,0,0,0,0,0,0,0,0,0,0,0,
RegressionTest0::test38, 1,0.5,1,0,0,0,0,0,0,0,0,1,0.5,0.5,0,0,0,0,0,0,0,0,0,0,0,0,0,
RegressionTest0::test39, 1,0.5,1,0,0,0,0,0,0,0,0,0,0.5,0.5,0,0,0,0,0,0.5,0,0,0,0,0,0,0,
